{
  "model": "Qwen/Qwen2.5-1.5B-Instruct",
  "n_samples": 50,
  "basic_prompt": {
    "mean_score": 0.08,
    "asr_pct": 8.0,
    "by_jailbreak": {
      "none": 0.15384615384615385,
      "rot_13": 0.0
    }
  },
  "safety_prompt": {
    "mean_score": 0.4,
    "asr_pct": 40.0,
    "by_jailbreak": {
      "none": 0.23076923076923078,
      "rot_13": 0.5833333333333334
    }
  }
}